<GuiXml> 
	<Controls>
		<!-- This button template is used as a template for all the piece toggle buttons.-->

		<Button name="PieceButtonTemplate"  virtual="true" alpha="1"  topmost="true" ><!--inherits="ToggleButton">-->
			<Anchor point="CENTER" relativeTo="$(parent)" relativePoint="CENTER"  />
			<Dimensions x="48" y="48" />
			<Textures mouseOver="esoui/art/characterwindow/gearslot_over.dds"/>
			<OnMouseEnter>
				InitializeTooltip(InformationTooltip, self, BOTTOM, 0, -5)
				SetTooltipText(InformationTooltip, self.tooltip)
				
			</OnMouseEnter>
			<OnMouseExit>
				ClearTooltip(InformationTooltip)
			</OnMouseExit>
			<OnClicked>
				self:toggle()
			</OnClicked>
		</Button>
		<Control name="BehaviourToggleTemplate"  virtual="true" alpha="1"  topmost="true" tier="HIGH" resizeToFitDescendents="true" ><!--inherits="ToggleButton">-->
			<Anchor point="CENTER" relativeTo="$(parent)" relativePoint="CENTER"  />
			<Controls>
				
				<Button name="$(parent)Checkbox">
					<Anchor point="LEFT" relativeTo="$(parent)" relativePoint="LEFT"  />
					<Textures mouseOver="esoui/art/cadwell/checkboxicon_unchecked.dds" normal="esoui/art/cadwell/checkboxicon_unchecked.dds"/>
					<Dimensions x="24" y="24" />
					<OnClicked>
						self:toggle()
					</OnClicked>
					<Controls>
						<Label name="$(parent)Label" height="25" Alpha="1" color="FFFFFF" font="ZoFontGameLargeBold" verticalAlignment="TOP" horizontalAlignment="CENTER" text="Auto Craft" mouseEnabled="true" >
							<Anchor point="LEFT" relativeTo="$(parent)Checkbox" relativePoint="RIGHT"  />
							<OnMouseEnter>
								--d("1")
								--d(self:GetParent():GetHandler("OnMouseEnter"))
								--self:GetParent():GetHandler("OnMouseEnter")()
							</OnMouseEnter>
							<OnMouseExit>
								--self:GetParent():GetHandler("OnMouseExit")()
							</OnMouseExit>
						</Label>
					</Controls>

				</Button>

			</Controls>
		</Control>
		<Control name="SpacerTemplate"  virtual="true" alpha="0"  topmost="false" ><!--inherits="ToggleButton">-->
			<Dimensions x="48" y="48" />
		</Control>
		<!-- This template is used for all the scrolling comboboxes which have a large amount of options (e.g. style, set)-->
		<Label name="ScrollComboboxTemplate" virtual="true" mouseEnabled="true">
			<Dimensions x="250" y="30" />
			<Anchor point="LEFT" relativeTo="$(parent)" relativePoint="LEFT" offsetX="20" />
			<Controls>
				
				<Label name="$(parent)Name" font="ZoFontGame" verticalAlignment="CENTER">
					<Dimensions x="250" y="48" />
					<Anchor point="LEFT" relativeTo="$(parent)" relativePoint="LEFT" offsetX="0" offsetY="0" />
				</Label>
				<Control name="$(parent)ComboBox" inherits="ZO_ScrollableComboBox"><!--ZO_ScrollableComboBox-->
					<Anchor point="RIGHT" relativeTo="$(parent)" relativePoint="RIGHT" offsetX="0" offsetY="0" />
					<Dimensions x="175" y="30" />
				</Control>
			</Controls>
		</Label>
		<!-- This combobox template is used for all the non scrolling comboboxes-->
		<Label name="ComboboxTemplate" virtual="true" mouseEnabled="true">
			<Dimensions x="250" y="30" />

			<Controls>
				
				<Label name="$(parent)Name" font="ZoFontGame" verticalAlignment="CENTER">
					<Dimensions x="250" y="48" />
					<Anchor point="LEFT" relativeTo="$(parent)" relativePoint="LEFT" offsetX="0" offsetY="0" />
				</Label>
				<Control name="$(parent)ComboBox" inherits="ZO_ComboBox">
					<Anchor point="RIGHT" relativeTo="$(parent)" relativePoint="RIGHT" offsetX="0" offsetY="0" />
					<Dimensions x="175" y="30" />
				</Control>
			</Controls>
		</Label>
		<!-- These templates are the labels in the crafting queue. It handles the tooltip + colour. -->
		<Label name="QueueRowLabelTemplate" font="ZoFontGame" verticalAlignment="CENTER" virtual="true" mouseEnabled="true">
			<OnInitialized>
				local original = self.SetColor
				self.ApplyColour = function(self, isKnown)
					if isKnown then
						local colour  = GetItemQualityColor(self:GetParent().data[1].CraftRequestTable[9])
						original(self, colour:UnpackRGB())
					elseif isKnown==nil then

						self.SetColor = function(...) 
							local colour  = GetItemQualityColor(self:GetParent().data[1].CraftRequestTable[9])
							original(self, colour:UnpackRGB())
						end 
						return
					else
						original(self,1,0.75,0.75,0.75)
					end
					self.isKnown = isKnown
					--d(self:GetParent().data[1].Pattern)
				end
				self.ApplyEnchantColour = function(self)
					local colour  = GetItemQualityColor(self:GetParent().data[1].EnchantQuality)
					original(self, colour:UnpackRGB())
				end
				
				self.SetColor = function(self,...)  end
			</OnInitialized>
			<OnMouseEnter>
				if self.isKnown == false then
					

					InitializeTooltip(InformationTooltip, self, TOP, 0, 0)
					SetTooltipText(InformationTooltip, self:GetParent().errorTooltip)

					self:GetParent():GetHandler("OnMouseEnter")(self:GetParent(), true)

					return
				end


				self:GetParent():GetHandler("OnMouseEnter")(self:GetParent(), false)
				--DolgubonSetCrafter.scroll:Row_OnMouseEnter(self:GetParent())
			</OnMouseEnter>
			<OnMouseUp>
				self:GetParent():GetHandler("OnClicked")(self:GetParent())
			</OnMouseUp>
			<OnMouseExit>
				ClearTooltip(InformationTooltip)
				ClearTooltip(ItemTooltip)
				DolgubonSetCrafter.scroll:Row_OnMouseExit(self:GetParent())
			</OnMouseExit>
		</Label>
		<!-- These templates are for the crafting materials queue-->
		<Button name="SetCrafterMaterialTemplate" virtual="true" mouseEnabled="true">
			<OnMouseEnter>
				if not self.isKnown then
					InitializeTooltip(ItemTooltip, self , TOP, 0, 20)
					ItemTooltip:SetLink(self.data[1].Name)
				else
					InitializeTooltip(ItemTooltip, self, TOP, 0, 20)
					ItemTooltip:SetLink(self.data[1].Name)
				end
			</OnMouseEnter>
			<OnMouseExit>
				ClearTooltip(ItemTooltip)
			</OnMouseExit>
			<OnInitialized>
				self.errorTooltip = DolgubonSetCrafter.localizedStrings.UIStrings.notEnoughSpecificMat
			</OnInitialized>
			<OnClicked>
				StartChatInput("Requires: "..DolgubonSetCrafter.outputSingleMatLine(self))
			</OnClicked>
			<Dimensions x="850" y="30" />
			<Controls>
				<Backdrop name="$(parent)BG" mouseEnabled="false"/>

				
				<Label name="$(parent)Name" inherits="QueueRowLabelTemplate" color="76BCC3" mouseEnabled="false" wrapMode="TEXT_WRAP_MODE_TRUNCATE">

					<Anchor point="LEFT" relativeTo="$(parent)" relativePoint="LEFT" offsetX="0" color="000000" />
					<Anchor point="RIGHT" relativeTo="$(parent)Amount" relativePoint="LEFT" offsetX="0" color="000000" />

				</Label>

				<Label name="$(parent)Amount" inherits="QueueRowLabelTemplate" color="76BCC3" horizontalAlignment="RIGHT" mouseEnabled="false" >
					<Dimensions x="90" y="48" />
					<Anchor point="RIGHT" relativeTo="$(parent)" offsetX="-5" color="000000" />
				</Label>
				
			</Controls>
		</Button>
		<Control name="SetCrafterFavouriteTemplate" virtual="true" mouseEnabled="true">
			<OnMouseEnter>
				DolgubonSetCrafter.scroll:Row_OnMouseEnter(self)
			</OnMouseEnter>
			<OnMouseExit>
				DolgubonSetCrafter.scroll:Row_OnMouseExit(self)
			</OnMouseExit>
			<OnInitialized>
				self.setCurrent = function(self, fave) self.fave = fave end
				self.getCurrent = function(self) return self.fave end
			</OnInitialized>
			<OnMouseDown>
				DolgubonSetCrafter.loadFavourite(self:getCurrent())
			</OnMouseDown>
			<Dimensions x="220" y="30" />
			<Controls>

				<Label name="$(parent)Name" font="ZoFontGame" verticalAlignment="CENTER" color="76BCC3" mouseEnabled="false" wrapMode="TEXT_WRAP_MODE_TRUNCATE">

					<Anchor point="LEFT" relativeTo="$(parent)" relativePoint="LEFT" offsetX="0" color="000000" />
				</Label>

				<Button name="$(parent)Delete" inheritAlpha="true" verticalAlignment="CENTER" horizontalAlignment="CENTER">
					<Anchor point="CENTER" relativeTo="$(parent)" relativePoint="RIGHT" offsetX="-10" offsetY="0" />
					<Dimensions x="44" y="44" />
					<Textures normal="/esoui/art/hud/radialicon_cancel_up.dds" mouseOver="/esoui/art/hud/radialicon_cancel_over.dds" />
					<OnClicked>
						DolgubonSetCrafter.deleteFavourite(self:GetParent():getCurrent())
					</OnClicked>
				</Button>
				<Button name="$(parent)Rename" alpha="1" clickSound="Default_Click" topmost="true">
					<Textures normal="/esoui/art/buttons/edit_up.dds" mouseOver="/esoui/art/buttons/edit_over.dds" mouseDown="/esoui/art/buttons/edit_down.dds" />
					<Anchor point="CENTER" relativeTo="$(parent)" relativePoint="RIGHT" offsetX="-40" offsetY="0" />
					<Dimensions x="36" y="36" />
					<OnClicked>
						local editBox = self:GetParent():GetNamedChild("EditName")
						editBox:SetHidden(false)
						editBox:TakeFocus(true)
						editBox:SetText(self:GetParent():getCurrent().name)
						self:GetParent():GetNamedChild("Name"):SetHidden(true)
					</OnClicked>
				</Button>
				<EditBox name="$(parent)EditName" inherits="ZO_DefaultEditForBackdrop ZO_EditDefaultText" textType="number" hidden="true" horizontalAlignment="RIGHT">

					<OnInitialized>
						ZO_EditDefaultText_Initialize(self, "")
					</OnInitialized>
					<OnFocusLost>
						self:SetHidden(true)
						DolgubonSetCrafter.renameFavourite(self:GetParent():getCurrent(),self:GetText())
						self:GetParent():GetNamedChild("Name"):SetText(self:GetText())
						self:GetParent():GetNamedChild("Name"):SetHidden(false)
					</OnFocusLost>

				</EditBox>
				
			</Controls>
		</Control>
		<!-- This template is for the craft request rows. It has the close button, and copies of all of the labels-->
		<Button name="CraftingRequestTemplate" virtual="true" mouseEnabled="true" >
			<OnMouseEnter>
				DolgubonSetCrafter.scroll:Row_OnMouseEnter(self)
				local added = false
				local parameters = {...}
				if not parameters[2] then
					InitializeTooltip(InformationTooltip, self, TOP, 0, 0)
				end
				if self.usesMimicStone then
					InformationTooltip:AddLine(DolgubonSetCrafter.localizedStrings.UIStrings.usesMimicStone)
				end
				InformationTooltip:AddLine(self.qualityString)
				if self.data[1].Link ~= nil then
					InitializeTooltip(ItemTooltip, self, RIGHT, 0, -40)
					ItemTooltip:SetLink(self.data[1].Link)
				end
			</OnMouseEnter>

			<OnMouseExit>
				ClearTooltip(ItemTooltip)
				ClearTooltip(InformationTooltip)
				
				DolgubonSetCrafter.scroll:Row_OnMouseExit(self)
			</OnMouseExit>
			<OnClicked>
				local prevText = ZO_ChatWindowTextEntryEditBox:GetText()
				StartChatInput(prevText..self.data[1].Link)
				-- Get Reference
				-- Refer to LLC to find the request Table
				-- Get the mat requirements
				-- format it into a table properly
				-- replace the materialsList with the new table temporarily
				-- refresh materialsList
				-- place semi-permanent highlight

				-- Taking off
				-- delete temp table
				-- return materialslist as main table
				-- refresh scrolllists
				-- remove highlight
			</OnClicked>
			<OnInitialized>
				self.errorTooltip = DolgubonSetCrafter.localizedStrings.UIStrings.notEnoughKnowledge
			</OnInitialized>
			<Dimensions x="850" y="30" />
			<Controls>
				<Button name="$(parent)RemoveButton" inheritAlpha="true" verticalAlignment="CENTER" horizontalAlignment="CENTER">
					<Anchor point="CENTER" relativeTo="$(parent)" relativePoint="RIGHT" offsetX="-10" offsetY="0" />
					<Dimensions x="44" y="44" />
					<Textures normal="/esoui/art/hud/radialicon_cancel_up.dds" mouseOver="/esoui/art/hud/radialicon_cancel_over.dds" />
					<OnClicked>
						self:onClickety()
					</OnClicked>
					<OnMouseExit>
						self:GetParent():GetHandler("OnMouseEnter")(self:GetParent(), true)
					</OnMouseExit>
					<OnMouseExit>
						ClearTooltip(InformationTooltip)
						DolgubonSetCrafter.scroll:Row_OnMouseExit(self:GetParent())
						self:GetParent():GetHandler("OnMouseExit")(self:GetParent(), true)
					</OnMouseExit>
					
				</Button>
				<Texture name="$(parent)BG" inherits="ZO_ThinListBgStrip" />

				<Button name="$(parent)MimicStone" >
					<Dimensions x="24" y="24" />
					<Anchor point="LEFT" relativePoint="LEFT" relativeTo="$(parent)" offsetX="0"  />
					<Textures normal="/esoui/art/icons/crafing_universal_item.dds" />
					<OnInitialized>
						self.tooltip = DolgubonSetCrafter.localizedStrings.UIStrings.usesMimicStone
					</OnInitialized>
				</Button>
				<Label name="$(parent)Quantity" inherits="QueueRowLabelTemplate" text="1x" color="76BCC3">
					<Dimensions x="20" y="48" />
					<Anchor point="LEFT" relativePoint="RIGHT" relativeTo="$(parent)MimicStone" offsetX="0" />
				</Label>
				<Label name="$(parent)Pattern" inherits="QueueRowLabelTemplate" color="76BCC3">
					<Dimensions x="140" y="48" />
					<Anchor point="LEFT" relativePoint="RIGHT" relativeTo="$(parent)Quantity" offsetX="0" />
				</Label>
				<Label name="$(parent)Weight" inherits="QueueRowLabelTemplate">
					<Dimensions x="70" y="48" />
					<Anchor point="CENTER" relativeTo="$(parent)Pattern" relativePoint="RIGHT" offsetX="-10" />
				</Label>
				<Label name="$(parent)Level" inherits="QueueRowLabelTemplate">
					<Dimensions x="50" y="48" />
					<Anchor point="LEFT" relativeTo="$(parent)Weight" relativePoint="RIGHT" offsetX="0" />
				</Label>
				<Label name="$(parent)Style" inherits="QueueRowLabelTemplate" >
					<Dimensions x="150" y="48" />
					<Anchor point="LEFT" relativeTo="$(parent)Level" relativePoint="RIGHT" offsetX="0" />
				</Label>
				<Label name="$(parent)Trait" inherits="QueueRowLabelTemplate" >
					<Dimensions x="110" y="48" />
					<Anchor point="LEFT" relativeTo="$(parent)Style" relativePoint="RIGHT" offsetX="0" />
				</Label>
				<Label name="$(parent)Set" inherits="QueueRowLabelTemplate" >
					<Dimensions x="140" y="48" />
					<Anchor point="LEFT" relativeTo="$(parent)Trait" relativePoint="RIGHT" offsetX="0" />
				</Label>
				<Label name="$(parent)Enchant" inherits="QueueRowLabelTemplate">
					<!-- <Dimensions x="200" y="48" /> -->
					<Anchor point="LEFT" relativeTo="$(parent)Set" relativePoint="RIGHT" offsetX="0" />
					<Anchor point="RIGHT" relativeTo="$(parent)RemoveButton" relativePoint="LEFT" offsetX="0" />
				</Label>
				<Label name="$(parent)Reference" inherits="QueueRowLabelTemplate">
					<Dimensions x="30" y="48" />
					<Anchor point="LEFT" relativeTo="$(parent)Set" relativePoint="RIGHT" offsetX="0" />
					<OnInitialized>
						if not DolgubonSetCrafter:GetSettings().debug then
							self:SetHidden(true)
						end
					</OnInitialized>
					<OnMouseExit>
						ClearTooltip(InformationTooltip)
						DolgubonSetCrafter.scroll:Row_OnMouseExit(self:GetParent())
						self:GetParent():GetHandler("OnMouseExit")(self:GetParent(), true)
					</OnMouseExit>
				</Label>
				
			</Controls>
		</Button>
		<Button name="SetCrafterRequestInProgress" virtual="true" >
			<Textures
				normal="esoui/art/icons/achievements_indexicon_crafting_up.dds"
				pressed="esoui/art/icons/achievements_indexicon_crafting_down.dds"
				mouseOver="esoui/art/icons/achievements_indexicon_crafting_over.dds"
			/>
			<OnMouseEnter>
				if self.tooltip then
					InitializeTooltip(InformationTooltip, self, BOTTOM, 0, -5)
					SetTooltipText(InformationTooltip, self.tooltip)
				end
			</OnMouseEnter>
					
		</Button>
		<Button name="SetCrafterRequestNotInProgress" virtual="true" >
			<Textures normal="/esoui/art/hud/radialicon_cancel_up.dds" mouseOver="/esoui/art/hud/radialicon_cancel_over.dds" pressed="" />
			<OnMouseEnter>
				
			</OnMouseEnter>
					
		</Button>
	</Controls>
</GuiXml>