<GuiXml xmlns:xsi="http://www.w3.org/2001/XMLSchema-instance" xsi:noNamespaceSchemaLocation="http://sir.insidi.at/or/schema/esoui.xsd">
    <Controls>
        <Control name="AwesomeGuildStoreActivityListRowTemplate" virtual="true" mouseEnabled="true">
            <Dimensions y="24" />

            <Controls>
                <Texture name="$(parent)BG" inherits="ZO_ThinListBgStrip" />
                <Texture name="$(parent)Icon">
                    <Dimensions x="24" y="24" />
                    <Anchor point="LEFT" />
                </Texture>
                <Label name="$(parent)Timestamp" font="ZoFontGame" verticalAlignment="CENTER" wrapMode="ELLIPSIS" color="INTERFACE_COLOR_TYPE_TEXT_COLORS:INTERFACE_TEXT_COLOR_SELECTED">
                    <Dimensions x="70" y="24" />
                    <Anchor point="LEFT" relativeTo="$(parent)Icon" relativePoint="RIGHT" offsetX="5" />
                </Label>
                <Label name="$(parent)ExecutionTime" font="ZoFontGame" verticalAlignment="CENTER" horizontalAlignment="RIGHT" wrapMode="ELLIPSIS" color="INTERFACE_COLOR_TYPE_TEXT_COLORS:INTERFACE_TEXT_COLOR_SELECTED">
                    <Dimensions x="100" y="24" />
                    <Anchor point="RIGHT" />
                </Label>
                <Label name="$(parent)QueueTime" font="ZoFontGame" verticalAlignment="CENTER" horizontalAlignment="RIGHT" wrapMode="ELLIPSIS" color="INTERFACE_COLOR_TYPE_TEXT_COLORS:INTERFACE_TEXT_COLOR_SELECTED">
                    <Dimensions x="100" y="24" />
                    <Anchor point="RIGHT" relativeTo="$(parent)ExecutionTime" relativePoint="LEFT" offsetX="-5" />
                </Label>
                <Label name="$(parent)Text" font="ZoFontGame" verticalAlignment="CENTER" wrapMode="ELLIPSIS" color="INTERFACE_COLOR_TYPE_TEXT_COLORS:INTERFACE_TEXT_COLOR_SELECTED" linkEnabled="true">
                    <Dimensions y="24" />
                    <Anchor point="LEFT" relativeTo="$(parent)Timestamp" relativePoint="RIGHT" offsetX="5" />
                    <Anchor point="RIGHT" relativeTo="$(parent)QueueTime" relativePoint="LEFT" offsetX="-5" />
                </Label>
            </Controls>
        </Control>

        <Control name="AwesomeGuildStoreActivityListQueuedRowTemplate" inherits="AwesomeGuildStoreActivityListRowTemplate" virtual="true">
            <Controls>
                <Button name="$(parent)Cancel" inherits="ZO_DefaultButton" hidden="true">
                    <Dimensions x="24" y="24" />
                    <Anchor point="LEFT" />
                </Button>
            </Controls>
        </Control>

        <TopLevelControl name="AwesomeGuildStoreActivityWindow" clampedToScreen="true" mouseEnabled="true" movable="true" hidden="true" tier="HIGH" level="ZO_HIGH_TIER_UI_ERRORS">
            <Dimensions x="930" y="500" />
            <DimensionConstraints minX="600" minY="300" />
            <Anchor point="LEFT" offsetX="200" />

            <Controls>
                <Label name="$(parent)Title" inherits="ZO_WindowTitle" text="Activities" />

                <Backdrop name="$(parent)BG" inherits="ZO_DefaultBackdrop" />

                <Button name="$(parent)Close" inherits="ZO_CloseButton">
                    <Anchor point="TOPRIGHT" offsetY="3" />
                    <OnClicked>
                        AwesomeGuildStore.internal.CloseActivityWindow()
                    </OnClicked>
                </Button>

                <Control name="$(parent)Container">
                    <Anchor point="TOPLEFT" offsetX="10" offsetY="50" />
                    <Anchor point="BOTTOMRIGHT" offsetX="-10" offsetY="-10" />

                    <Controls>
                        <Control name="$(parent)Header">
                            <Dimensions y="32" />
                            <Anchor point="BOTTOMLEFT" relativePoint="TOPLEFT" offsetX="-10" offsetY="0" />
                            <Anchor point="BOTTOMRIGHT" relativePoint="TOPRIGHT" offsetX="10" offsetY="0" />
                            <Controls>
                                <Control name="$(parent)Time" inherits="ZO_SortHeader" mouseEnabled="false">
                                    <Dimensions x="70" y="20" />
                                    <Anchor point="LEFT" offsetX="40" />
                                </Control>
                                <Control name="$(parent)Message" inherits="ZO_SortHeader" mouseEnabled="false">
                                    <Dimensions x="200" y="20" />
                                    <Anchor point="LEFT" relativeTo="$(parent)Time" relativePoint="RIGHT" offsetX="5" />
                                </Control>
                                <Control name="$(parent)ExecutionTime" inherits="ZO_SortHeader" mouseEnabled="false">
                                    <Dimensions x="80" y="20" />
                                    <Anchor point="RIGHT" />
                                </Control>
                                <Control name="$(parent)QueueTime" inherits="ZO_SortHeader" mouseEnabled="false">
                                    <Dimensions x="80" y="20" />
                                    <Anchor point="RIGHT" relativeTo="$(parent)ExecutionTime" relativePoint="LEFT" offsetX="-30" />
                                </Control>
                            </Controls>
                        </Control>

                        <Control name="$(parent)List" inherits="ZO_ScrollList">
                            <AnchorFill />
                        </Control>
                    </Controls>
                </Control>
            </Controls>
        </TopLevelControl>
    </Controls>
</GuiXml>