<GuiXml xmlns:xsi="http://www.w3.org/2001/XMLSchema-instance" xsi:noNamespaceSchemaLocation="http://sir.insidi.at/or/schema/esoui.xsd">
    <Controls>
        <Control name="AwesomeGuildStoreSearchListEntry" mouseEnabled="true" tier="MEDIUM" layer="CONTROLS" virtual="true">
            <Dimensions y="28" />

            <Controls>
                <Texture name="$(parent)Bg" textureFile="EsoUI/Art/Miscellaneous/listItem_backdrop.dds">
                    <AnchorFill />
                    <TextureCoords left="0" right="1" top="0" bottom=".8125" />
                </Texture>

                <Texture name="$(parent)Highlight" textureFile="EsoUI/Art/Miscellaneous/listItem_highlight.dds" alpha="0">
                    <AnchorFill />
                    <TextureCoords left="0" right="1" top="0" bottom=".625" />
                </Texture>

                <Texture name="$(parent)Icon" textureFile="EsoUI/Art/Progression/addpoints_up.dds">
                    <Dimensions x="48" y="48" />
                    <Anchor point="LEFT" />
                </Texture>

                <Texture name="$(parent)Status" hidden="true" level="1">
                    <Dimensions x="24" y="24" />
                    <Anchor point="BOTTOMRIGHT" relativeTo="$(parent)Icon" relativePoint="BOTTOMRIGHT" />
                </Texture>

                <Label name="$(parent)Name" font="ZoFontGameShadow" wrapMode="ELLIPSIS" color="INTERFACE_COLOR_TYPE_TEXT_COLORS:INTERFACE_TEXT_COLOR_NORMAL">
                    <Dimensions y="24" />
                    <Anchor point="LEFT" offsetX="50" />
                    <Anchor point="RIGHT" offsetX="-5" />
                </Label>
            </Controls>
        </Control>

        <Control name="AwesomeGuildStoreSearchListContainer">
            <Anchor point="TOPLEFT" relativeTo="ZO_TradingHouse" relativePoint="TOPLEFT" offsetX="-240" offsetY="8" />
            <Anchor point="BOTTOMRIGHT" relativeTo="ZO_TradingHouse" relativePoint="BOTTOMLEFT" offsetX="10" />
            <Controls>
                <Control name="$(parent)List" inherits="ZO_ScrollList">
                    <AnchorFill />
                </Control>
            </Controls>
        </Control>
    </Controls>
</GuiXml>