<GuiXml xmlns:xsi="http://www.w3.org/2001/XMLSchema-instance" xsi:noNamespaceSchemaLocation="http://sir.insidi.at/or/schema/esoui.xsd">
    <Controls>
        <Control name="AwesomeGuildStoreXmlLoaded" hidden="true" />

        <Control name="AwesomeGuildStoreLoadingTemplate" virtual="true">
            <Controls>
                <Texture name="$(parent)Icon" textureFile="EsoUI/Art/Miscellaneous/wait_icon.dds" layer="OVERLAY">
                    <Anchor point="CENTER" />
                    <Dimensions x="32" y="32" />
                </Texture>
            </Controls>
        </Control>

        <Backdrop name="AwesomeGuildStoreNameFilterTemplate" inherits="ZO_SingleLineEditBackdrop_Keyboard" virtual="true">
            <Dimensions x="180" />
            <Controls>
                <EditBox name="$(parent)Box" inherits="ZO_DefaultEditForBackdrop ZO_EditDefaultText" />
            </Controls>
        </Backdrop>

        <Control name="AwesomeGuildStoreStyleFilterRowTemplate" mouseEnabled="true" virtual="true">
            <Dimensions y="24" />

            <Controls>
                <Texture name="$(parent)Bg" textureFile="EsoUI/Art/Miscellaneous/listItem_backdrop.dds">
                    <AnchorFill />
                    <TextureCoords left="0" right="1" top="0" bottom=".8125" />
                </Texture>

                <Texture name="$(parent)Highlight" textureFile="EsoUI/Art/Miscellaneous/listItem_highlight.dds" alpha="0">
                    <AnchorFill />
                    <TextureCoords left="0" right="1" top="0" bottom=".625" />
                </Texture>

                <Label name="$(parent)Label" font="ZoFontGameShadow" wrapMode="ELLIPSIS" color="INTERFACE_COLOR_TYPE_TEXT_COLORS:INTERFACE_TEXT_COLOR_TOOLTIP_DEFAULT">
                    <Dimensions y="24" />
                    <Anchor point="LEFT" />
                    <Anchor point="RIGHT" />
                </Label>
            </Controls>
        </Control>

        <Control name="AwesomeGuildStoreShowMoreRowTemplate" mouseEnabled="true" tier="MEDIUM" layer="CONTROLS" virtual="true">
            <Dimensions y="32" />

            <Controls>
                <Texture name="$(parent)Bg" textureFile="EsoUI/Art/Miscellaneous/listItem_backdrop.dds">
                    <AnchorFill />
                    <TextureCoords left="0" right="1" top="0" bottom=".8125" />
                </Texture>

                <Texture name="$(parent)Highlight" textureFile="EsoUI/Art/Miscellaneous/listItem_highlight.dds" alpha="0.5">
                    <AnchorFill />
                    <TextureCoords left="0" right="1" top="0" bottom=".625" />
                </Texture>

                <Label name="$(parent)Text" font="ZoFontGameShadow" verticalAlignment="CENTER" horizontalAlignment="CENTER" wrapMode="ELLIPSIS" color="INTERFACE_COLOR_TYPE_TEXT_COLORS:INTERFACE_TEXT_COLOR_NORMAL">
                    <Dimensions y="32" />
                    <Anchor point="LEFT" />
                    <Anchor point="RIGHT" />
                </Label>
            </Controls>
        </Control>

        <Control name="AwesomeGuildStoreHasHiddenRowTemplate" tier="MEDIUM" layer="CONTROLS" virtual="true">
            <Dimensions y="24" />

            <Controls>
                <Label name="$(parent)Text" font="ZoFontGameLargeBold" verticalAlignment="CENTER" horizontalAlignment="CENTER" wrapMode="ELLIPSIS" color="INTERFACE_COLOR_TYPE_TEXT_COLORS:INTERFACE_TEXT_COLOR_SELECTED">
                    <Dimensions y="24" />
                    <Anchor point="LEFT" />
                    <Anchor point="RIGHT" />
                </Label>
            </Controls>
        </Control>

        <Control name="AwesomeGuildStoreFooterTemplate" virtual="true" resizeToFitDescendents="true" mouseEnabled="true">
            <Controls>
                <Label name="$(parent)Version" font="ZoFontGameSmall" color="INTERFACE_COLOR_TYPE_TEXT_COLORS:INTERFACE_TEXT_COLOR_SELECTED" mouseEnabled="true" linkEnabled="true">
                    <Anchor point="RIGHT" />
                </Label>
            </Controls>
        </Control>

        <Button name="AwesomeGuildStoreQualityButtonTemplate" mouseOverBlendMode="ADD" inherits="ZO_ButtonBehaviorClickSound" virtual="true">
            <ButtonState state="PRESSED" />
            <Dimensions x="32" y="32" />

            <Controls>
                <Texture name="$(parent)Color">
                    <Anchor point="TOPLEFT" offsetX="9" offsetY="9" />
                    <Anchor point="BOTTOMRIGHT" offsetX="-9" offsetY="-9" />
                </Texture>
            </Controls>
        </Button>
    </Controls>
</GuiXml>